"","PAC.P","PAC.Y","PAC.A","S7","AAindex.ANDN920101_3","CTD.D_small_50.","PAC.D","AAindex.ANDN920101_8","AAindex.ANDN920101_12","PAC.K","AAindex.ANDN920101_1","H.15","PAC.2","PAC.V","CTD.D_medium_25.","S9","AAindex.ANDN920101_5","S1","PAC.S","CTD.D_large_75.","PAC.H","H.14","H.3","H.6","PAC.N","class"
"1",0.0974926728218599,0,0.0487463364109299,8,4.44,0.4375,0,4.7,4.66,0.0487463364109299,3.95,-5.54,0.0766762706224563,0.0487463364109299,0.3125,8,4.37,6,0,0.75,0,-2.57,4.04,2.98,0,1
"2",0,0.0457185719117438,0,7,4.38,0.5625,0,4.7,4.6,0,4.65,-4.66,0.0685912654290254,0.0914371438234876,0.25,7,3.95,7,0.0914371438234876,0.9375,0.0457185719117438,0.94,-14.92,1.28,0.0457185719117438,1
"3",0.0461474805406805,0,0,8,4.37,0.375,0.092294961081361,4.7,4.66,0,4.35,-8.72,0.0824933844720095,0,0.4375,7,4.38,6,0,0.75,0,-6.81,-5.54,1.28,0,1
"4",0.0472636103714345,0,0,7,4.37,0.5625,0.094527220742869,4.7,4.66,0.0472636103714345,4.38,-8.72,0.0871817956452703,0.0472636103714345,0.4375,7,4.36,8,0,0.75,0,4.04,-5.54,1.28,0,1
"5",0.0458391310782169,0.0458391310782169,0.0458391310782169,6,4.29,0.4375,0.0458391310782169,4.7,4.17,0,3.97,-3.4,0.0829876056892563,0,0.3125,6,4.37,8,0.0916782621564338,0.875,0,-0.14,-6.81,1.28,0,1
"6",0.0435643873700529,0.0435643873700529,0.0435643873700529,7,4.29,0.4375,0.0435643873700529,4.7,4.17,0,3.97,-3.4,0.036906228022125,0,0.3125,7,4.37,7,0.0871287747401057,0.875,0,-0.14,-6.81,1.28,0,1
"7",0.0445626535191877,0.0445626535191877,0.0445626535191877,7,4.29,0.4375,0.0445626535191877,4.7,4.17,0,3.97,-3.4,0.0868498223563259,0,0.3125,7,4.37,7,0.0891253070383754,0.875,0,-0.14,-6.81,1.28,0,1
"8",0.0472480399419846,0.0472480399419846,0.0472480399419846,6,4.29,0.4375,0.0472480399419846,4.7,4.17,0,3.97,-3.4,0.0871530746485512,0,0.3125,7,4.37,8,0.0944960798839691,0.875,0,-0.14,-6.81,1.28,0,1
"9",0.0457581495808223,0.0915162991616445,0.0457581495808223,6,4.6,0.5625,0.0457581495808223,4.7,4.35,0,4.76,4.04,0.0828409960041285,0.0457581495808223,0.625,5,4.5,8,0.228790747904111,0.6875,0,4.04,-0.14,-3.4,0,1
"10",0.0462479471161857,0.0462479471161857,0.0462479471161857,8,4.76,0.6875,0.0462479471161857,4.7,4.75,0,4.37,-2.57,0.0391796461482767,0,0.0625,7,4.6,8,0.0462479471161857,0.5,0,1.28,-8.72,1.81,0.0462479471161857,1
"11",0,0,0.045929735212465,7,3.97,0.4375,0.045929735212465,4.7,4.5,0,4.35,-3.4,0.0895141790054782,0.045929735212465,0.25,5,4.76,8,0.18371894084986,0.875,0,2.33,0.94,0.94,0,1
"12",0.0483977829651024,0,0,6,3.97,0.5625,0.0483977829651024,4.7,4.5,0,3.95,4.04,0.0892738745726005,0.0967955659302048,0.0625,5,4.7,6,0.19359113186041,0.6875,0,1.28,0.94,-3.4,0,1
"13",0.0460833172329978,0,0,7,4.5,0.4375,0,4.7,3.95,0.0460833172329978,3.97,-5.55,0.0834296826625995,0.0460833172329978,0.75,5,4.7,8,0.184333268931991,0.9375,0,0.94,-3.4,-3.4,0,1
"14",0,0,0.0983498360288199,5,4.17,0.6875,0,4.7,4.35,0,3.97,1.28,0.0779683191983261,0,0.1875,5,4.5,6,0.14752475404323,0,0.0491749180144099,-4.66,4.92,-3.4,0,0
"15",0,0,0,7,3.95,0.5625,0,4.7,4.65,0.0461047903847289,4.35,-5.55,0.11945113760432,0.0461047903847289,0.1875,5,3.95,8,0.0461047903847289,0,0,-5.54,4.04,4.92,0,0
"16",0.0476570161244752,0.0476570161244752,0,9,4.35,0.6875,0.0953140322489504,4.7,4.75,0.0476570161244752,4.36,4.04,0.116537350676541,0.0476570161244752,0.25,9,4.6,5,0,0.875,0,-14.92,-2.57,4.92,0.0953140322489504,0
"17",0.0483052067149486,0,0.241526033574743,7,3.95,0.4375,0.0483052067149486,4.7,3.95,0.0483052067149486,4.35,-5.55,0.07415114823174,0,0.1875,5,4.5,7,0.0483052067149486,0.9375,0.0483052067149486,1.81,4.92,-4.66,0,0
"18",0,0,0,6,4.63,0.6875,0.0454190943339218,4.7,3.95,0,4.17,2.33,0.106911226802233,0.0454190943339218,0.25,7,4.37,5,0,0.9375,0.0454190943339218,-6.81,-4.66,-6.81,0,0
"19",0,0,0.0997218828212904,8,3.95,0.625,0,4.7,4.5,0,4.17,2.33,0.0579799025420589,0.0498609414106452,0.0625,7,4.5,6,0.299165648463871,0,0,-3.4,4.04,1.81,0.0498609414106452,0
"20",0,0,0,4,4.17,0.375,0.047532622487524,4.7,4.5,0,4.7,-6.81,0.0698650587635178,0.095065244975048,0.4375,4,3.95,7,0.095065244975048,0,0,-5.54,4.92,-2.57,0,0
"21",0.0968964552257198,0,0.0484482276128599,6,4.65,0.375,0,4.7,4.38,0,4.38,-3.4,0.06720820911839,0,0.6875,4,4.5,5,0.14534468283858,0.75,0,2.35,1.28,4.04,0,0
"22",0.0908309527379127,0.0454154763689564,0,4,4.5,0.625,0,4.7,4.17,0,4.29,-0.14,0.0785248843785242,0,0.3125,4,4.17,7,0.0454154763689564,0.9375,0,2.98,-3.4,4.92,0,0
"23",0,0.0490812709018034,0.0490812709018034,5,4.5,0.6875,0.0981625418036069,4.7,4.36,0.0981625418036069,4.35,-8.72,0.0707962261735382,0.0981625418036069,0.4375,6,4.75,4,0.0981625418036069,0.75,0,4.92,-3.4,-8.72,0.0490812709018034,0
"24",0.0485236552321462,0,0.0485236552321462,7,3.97,0.4375,0,4.7,3.95,0.0485236552321462,4.35,-3.4,0.081787028342013,0,0.25,4,4.35,5,0.145570965696439,0.5625,0,-3.4,0.94,-14.92,0.0485236552321462,0
"25",0,0,0,5,4.37,0.3125,0.0902244774772286,4.7,3.95,0.0451122387386143,3.95,-6.64,0.088909683416336,0.0902244774772286,0.375,7,4.5,6,0.135336716215843,0,0,4.04,-5.54,-6.81,0.0451122387386143,0
"26",0,0,0.0449191205926441,8,4.35,0.1875,0,4.7,3.95,0,4.35,-14.92,0.0857816377797139,0.0449191205926441,0.375,9,3.95,7,0.0449191205926441,0.9375,0,4.92,1.81,4.92,0,0
"27",0,0.0873557759207015,0.0436778879603508,8,4.35,0.3125,0.0436778879603508,4.7,3.97,0,4.76,4.92,0.0765834581785473,0,0.625,9,4.35,6,0,0.5,0,-2.57,1.81,2.33,0,0
"28",0.0484141392220745,0.0968282784441489,0.145242417666223,7,4.66,0.5625,0.0968282784441489,4.7,4.36,0.0968282784441489,3.97,-8.72,0.0682784607015731,0,0,4,4.35,9,0,0.6875,0,-8.72,2.98,-0.14,0,0
"29",0,0,0.0471134914958316,8,4.17,0.375,0,4.7,4.75,0.0471134914958316,4.65,-5.55,0.0786012689138293,0,0.625,8,4.65,6,0,0.9375,0,4.92,4.92,1.28,0.0471134914958316,0
"30",0,0,0.0457517609408523,6,4.29,0.5,0.0457517609408523,4.35,4.17,0.0457517609408523,4.17,-6.64,0.0973423422997062,0,0.1875,6,4.52,5,0.0457517609408523,0.875,0,-14.92,-6.81,-14.92,0.0457517609408523,0
"31",0,0.0976753398848387,0.0976753398848387,6,4.63,0.375,0,3.97,4.35,0,3.95,-4.66,0.0682000823207951,0,0.4375,4,3.97,5,0,0.9375,0.0976753398848387,-0.14,-4.66,1.81,0.0488376699424194,0
"32",0.045703246934121,0.045703246934121,0,8,4.5,0.4375,0,4.6,4.38,0,4.5,0.94,0.0785534008993386,0,0.6875,5,4.5,6,0.228516234670605,0.8125,0.091406493868242,-3.4,-3.4,4.04,0,0
"33",0.091765580321138,0.091765580321138,0,7,4.44,0.6875,0,4.63,4.44,0,4.75,-3.4,0.0876601152108906,0.045882790160569,0.0625,5,3.95,8,0.183531160642276,0.875,0.045882790160569,-0.14,4.04,-0.14,0.045882790160569,0
"34",0.0992514768679021,0,0,6,4.17,0.625,0.0992514768679021,4.7,4.76,0.0496257384339511,3.97,4.92,0.0685349423138368,0,0.25,5,4.44,7,0.0496257384339511,0,0,4.04,4.92,-6.81,0,0
"35",0.0502515564475755,0,0.100503112895151,4,4.35,0.3125,0,4.7,4.35,0,4.5,-3.4,0.0570750064482392,0.0502515564475755,0.375,7,4.44,6,0.100503112895151,0.875,0,-14.92,1.81,4.04,0,0
"36",0.0508967020892301,0.0508967020892301,0,4,3.97,0.375,0,4.7,4.7,0,4.5,4.92,0.0462976911496207,0.0508967020892301,0.25,5,4.6,6,0.0508967020892301,0.75,0,4.04,0.94,4.04,0.0508967020892301,0
"37",0,0.0512578763818146,0.0512578763818146,5,4.35,0.25,0,4.7,4.7,0.102515752763629,4.29,4.92,0.0595697753506798,0.0512578763818146,0.0625,6,4.38,5,0.102515752763629,0.6875,0.0512578763818146,-3.4,1.81,-14.92,0,0
"38",0,0.0485191422658748,0,5,4.36,0.875,0,4.7,4.36,0.145557426797625,4.38,-2.57,0.050837588627751,0.0485191422658748,0.5625,4,4.36,5,0.0485191422658748,0.5,0.0485191422658748,1.28,-5.55,-4.66,0,0
"39",0,0.0491865620012734,0.0983731240025469,7,4.29,0.25,0.0983731240025469,4.6,3.95,0.0491865620012734,4.76,-5.55,0.0761297821967663,0.0491865620012734,0.3125,6,4.29,7,0.0491865620012734,0.9375,0.0983731240025469,4.92,-6.81,-6.81,0,0
"40",0,0,0,3,4.76,0.1875,0.0474873186303901,4.7,4.17,0,3.95,2.98,0.0610770163721363,0.0474873186303901,0.25,5,3.95,5,0,0.9375,0,-5.54,-8.72,2.98,0.0474873186303901,0
