Sequence;S1;S2;S3;S4;S5;S6;S7;S8;S9;S10;S11;S12;S13;S14;S15
GILISSCWILSAAHC;6;4;4;4;3;4;5;4;5;5;7;8;8;6;7
TLVGIISWGLGCGQK;8;9;9;9;9;8;7;5;5;6;6;7;8;5;5
KVTNYLDWIRDNMRP;5;6;7;8;9;9;9;9;9;8;7;5;8;8;7
ADIASHPWQAAIFAK;7;5;5;6;7;8;7;6;5;4;3;3;4;4;4
LEHQQERWDLGVTEW;5;6;6;6;6;6;6;6;7;7;7;7;7;6;6
LSVSSANWTCSSASW;6;6;6;7;7;8;8;7;7;7;7;7;7;7;7
WDLGVTEWVQSSLQE;7;7;7;7;6;5;4;4;4;4;5;5;4;4;4
RACRSPRWSFIRPMS;5;5;6;7;8;7;6;5;4;4;5;6;6;6;7
ERSPLLEWLPTLCFY;7;7;7;6;4;4;4;4;4;4;5;5;4;4;4
AYSKNDLWVVSKTLD;4;5;7;8;8;7;5;6;6;5;4;4;4;4;4
TIGNARPWKLLISSS;5;6;7;7;7;7;7;6;4;4;4;4;5;5;6
ISQDSESWVKDILVN;6;6;6;7;6;4;5;5;7;8;8;7;6;6;7
TIAMVLSWIFLILLR;7;7;7;8;8;8;8;8;9;9;9;9;8;8;7
DYARTWYWILIGLTI;6;5;5;5;5;7;8;8;9;9;9;9;8;9;9
GAFATYYWAMKKPDD;9;9;9;8;8;8;7;4;4;5;7;8;8;8;7
CCLRCCFWCLENAIK;6;7;8;9;8;8;8;8;8;8;7;5;5;5;5
LSETMRKADIWLMRN;5;5;5;5;6;6;6;7;6;4;7;4;4;4;4
ITHGGANGIYEAIYH;5;7;7;7;7;6;6;5;4;3;4;4;3;4;4
SHSFSPGYSFERHSG;6;6;6;7;8;8;8;6;5;5;5;6;6;8;8
NIPFVYSHSFSPGYS;8;7;4;5;5;5;7;7;5;6;7;7;7;6;7
GKLQPEDWTSLDGPL;7;6;6;7;7;7;6;5;5;5;7;8;8;7;7
SGALPVAWLERTMRS;6;6;6;6;5;4;4;4;7;7;7;7;7;5;6
SLGLYPCWLLFWNVL;6;7;7;6;6;5;4;4;5;7;7;7;7;7;5
ESATRRKWKHYWVSL;5;5;4;5;4;5;5;6;6;6;5;5;5;5;5
RRKWKHYWVSLKGCT;5;6;6;6;6;6;5;5;4;5;5;5;6;7;7
DAESEEHYHLDVAIK;7;7;7;7;7;7;7;7;6;5;4;4;5;5;5
ILDQIFVWEQNLEQF;5;4;4;4;4;3;3;4;5;5;5;4;5;5;5
